{"cameraMode":{"drawMode":0,"name":"Shaded","section":"Shading Mode"},"sceneLighting":true,"audioPlay":false,"sceneViewState":{"m_AlwaysRefresh":false,"showFog":true,"showSkybox":true,"showFlares":true,"showImageEffects":true,"showParticleSystems":true,"showVisualEffectGraphs":true,"m_FxEnabled":true},"in2DMode":false,"pivot":{"x":0.44714170694351199,"y":-2.7766551971435549,"z":4.16456413269043},"rotation":{"x":0.4065793454647064,"y":0.020546864718198777,"z":-0.009154942817986012,"w":0.913362979888916},"size":11.160026550292969,"orthographic":false}