{"cameraMode":{"drawMode":0,"name":"Shaded","section":"Shading Mode"},"sceneLighting":true,"audioPlay":false,"sceneViewState":{"m_AlwaysRefresh":false,"showFog":true,"showSkybox":true,"showFlares":true,"showImageEffects":true,"showParticleSystems":true,"showVisualEffectGraphs":true,"m_FxEnabled":true},"in2DMode":false,"pivot":{"x":-2.324517011642456,"y":-7.589921951293945,"z":2.285034418106079},"rotation":{"x":0.5966667532920837,"y":-0.0011823071399703622,"z":0.0009329674066975713,"w":0.8025454878807068},"size":11.893285751342774,"orthographic":false}