{"cameraMode":{"drawMode":0,"name":"Shaded","section":"Shading Mode"},"sceneLighting":true,"audioPlay":false,"sceneViewState":{"m_AlwaysRefresh":false,"showFog":true,"showSkybox":true,"showFlares":true,"showImageEffects":true,"showParticleSystems":true,"showVisualEffectGraphs":true,"m_FxEnabled":true},"in2DMode":false,"pivot":{"x":-1.566345453262329,"y":-1.6611833572387696,"z":0.9504976272583008},"rotation":{"x":0.42019206285476687,"y":-0.024489616975188257,"z":0.011375466361641884,"w":0.9070752859115601},"size":9.543779373168946,"orthographic":false}